sample	expectation	prediction
S1.1.13	13	13.000000000000012
S1.1.16	7	7.000000000000025
S1.1.18	4	4.000000000000025
S1.1.19	2	1.999999999999993
S1.1.07	43	42.99999999999997
S1.1.01	24	23.999999999999968
S1.1.14	5	5.000000000000018
S1.1.03	16	16.000000000000007
S1.1.02	25	25.000000000000043
S1.1.04	48	47.99999999999997
S1.1.06	16	16.000000000000007
S1.1.10	46	45.999999999999964
S1.1.12	46	45.999999999999986
S1.1.15	6	6.000000000000021
S1.1.09	58	57.99999999999996
S1.1.05	14	14.000000000000014
