sample	expectation	prediction
S1.1.02	25	24.99999999999993
S1.1.19	2	2.0000000000000817
S1.1.03	16	15.99999999999999
S1.1.11	15	15.000000000000025
S1.1.20	4	4.999999999999975
S1.1.08	17	17.00000000000002
S1.1.17	8	8.00000000000011
S1.1.13	13	12.999999999999925
S1.1.07	43	43.00000000000007
S1.1.04	48	48.0
S1.1.10	46	45.99999999999997
S1.1.01	24	23.999999999999943
S1.1.15	6	4.999999999999975
S1.1.05	14	14.000000000000016
S1.1.06	16	16.000000000000007
S1.1.09	58	57.99999999999997
